"N","Time","avg(f)","max(f)","med(f)","min(f)","q1(f)","q3(f)","std(f)","sum(f)"
1,0,55,55,55,55,55,55,0,55
1,0.049,54.988,54.988,54.988,54.988,54.988,54.988,0,54.988
1,0.098,54.977,54.977,54.977,54.977,54.977,54.977,0,54.977
1,0.147,55.01,55.01,55.01,55.01,55.01,55.01,0,55.01
1,0.196,55.003,55.003,55.003,55.003,55.003,55.003,0,55.003
1,0.245,54.996,54.996,54.996,54.996,54.996,54.996,0,54.996
1,0.294,54.988,54.988,54.988,54.988,54.988,54.988,0,54.988
1,0.343,54.98,54.98,54.98,54.98,54.98,54.98,0,54.98
1,0.392,54.973,54.973,54.973,54.973,54.973,54.973,0,54.973
1,0.441,54.963,54.963,54.963,54.963,54.963,54.963,0,54.963
1,0.49,54.955,54.955,54.955,54.955,54.955,54.955,0,54.955
1,0.539,56.947,56.947,56.947,56.947,56.947,56.947,0,56.947
1,0.588,56.756,56.756,56.756,56.756,56.756,56.756,0,56.756
1,0.637,56.588,56.588,56.588,56.588,56.588,56.588,0,56.588
1,0.686,56.439,56.439,56.439,56.439,56.439,56.439,0,56.439
1,0.735,56.307,56.307,56.307,56.307,56.307,56.307,0,56.307
1,0.784,56.172,56.172,56.172,56.172,56.172,56.172,0,56.172
1,0.833,56.062,56.062,56.062,56.062,56.062,56.062,0,56.062
1,0.882,55.964,55.964,55.964,55.964,55.964,55.964,0,55.964
1,0.931,55.875,55.875,55.875,55.875,55.875,55.875,0,55.875
1,0.98,55.8,55.8,55.8,55.8,55.8,55.8,0,55.8
1,1.029,55.733,55.733,55.733,55.733,55.733,55.733,0,55.733
1,1.078,55.673,55.673,55.673,55.673,55.673,55.673,0,55.673
1,1.127,55.619,55.619,55.619,55.619,55.619,55.619,0,55.619
1,1.176,55.4,55.4,55.4,55.4,55.4,55.4,0,55.4
1,1.225,55.399,55.399,55.399,55.399,55.399,55.399,0,55.399
1,1.274,55.396,55.396,55.396,55.396,55.396,55.396,0,55.396
1,1.323,60.51,60.51,60.51,60.51,60.51,60.51,0,60.51
1,1.372,60.035,60.035,60.035,60.035,60.035,60.035,0,60.035
1,1.421,59.616,59.616,59.616,59.616,59.616,59.616,0,59.616
1,1.47,59.245,59.245,59.245,59.245,59.245,59.245,0,59.245
1,1.519,58.916,58.916,58.916,58.916,58.916,58.916,0,58.916
1,1.568,58.592,58.592,58.592,58.592,58.592,58.592,0,58.592
1,1.617,58.317,58.317,58.317,58.317,58.317,58.317,0,58.317
1,1.666,58.076,58.076,58.076,58.076,58.076,58.076,0,58.076
1,1.715,57.62,57.62,57.62,57.62,57.62,57.62,0,57.62
1,1.764,57.491,57.491,57.491,57.491,57.491,57.491,0,57.491
1,1.813,57.373,57.373,57.373,57.373,57.373,57.373,0,57.373
1,1.862,57.264,57.264,57.264,57.264,57.264,57.264,0,57.264
1,1.911,57.165,57.165,57.165,57.165,57.165,57.165,0,57.165
1,1.96,57.081,57.081,57.081,57.081,57.081,57.081,0,57.081
1,2.009,56.993,56.993,56.993,56.993,56.993,56.993,0,56.993
1,2.058,56.912,56.912,56.912,56.912,56.912,56.912,0,56.912
1,2.107,56.791,56.791,56.791,56.791,56.791,56.791,0,56.791
1,2.156,56.708,56.708,56.708,56.708,56.708,56.708,0,56.708
1,2.205,56.637,56.637,56.637,56.637,56.637,56.637,0,56.637
1,2.254,56.575,56.575,56.575,56.575,56.575,56.575,0,56.575
1,2.303,56.522,56.522,56.522,56.522,56.522,56.522,0,56.522
1,2.352,56.475,56.475,56.475,56.475,56.475,56.475,0,56.475
1,2.401,56.434,56.434,56.434,56.434,56.434,56.434,0,56.434
1,2.45,56.398,56.398,56.398,56.398,56.398,56.398,0,56.398
1,2.499,56.375,56.375,56.375,56.375,56.375,56.375,0,56.375
1,2.548,56.341,56.341,56.341,56.341,56.341,56.341,0,56.341
1,2.597,56.311,56.311,56.311,56.311,56.311,56.311,0,56.311
1,2.646,56.285,56.285,56.285,56.285,56.285,56.285,0,56.285
1,2.695,56.26,56.26,56.26,56.26,56.26,56.26,0,56.26
1,2.744,56.22,56.22,56.22,56.22,56.22,56.22,0,56.22
1,2.793,56.203,56.203,56.203,56.203,56.203,56.203,0,56.203
1,2.842,56.188,56.188,56.188,56.188,56.188,56.188,0,56.188
1,2.891,56.137,56.137,56.137,56.137,56.137,56.137,0,56.137
1,2.94,56.137,56.137,56.137,56.137,56.137,56.137,0,56.137
1,2.989,56.134,56.134,56.134,56.134,56.134,56.134,0,56.134
1,3.038,56.129,56.129,56.129,56.129,56.129,56.129,0,56.129
1,3.087,56.121,56.121,56.121,56.121,56.121,56.121,0,56.121
1,3.136,54.513,54.513,54.513,54.513,54.513,54.513,0,54.513
1,3.185,54.944,54.944,54.944,54.944,54.944,54.944,0,54.944
1,3.234,55.301,55.301,55.301,55.301,55.301,55.301,0,55.301
1,3.283,55.598,55.598,55.598,55.598,55.598,55.598,0,55.598
1,3.332,55.842,55.842,55.842,55.842,55.842,55.842,0,55.842
1,3.381,56.042,56.042,56.042,56.042,56.042,56.042,0,56.042
1,3.43,56.205,56.205,56.205,56.205,56.205,56.205,0,56.205
1,3.479,56.338,56.338,56.338,56.338,56.338,56.338,0,56.338
1,3.528,56.446,56.446,56.446,56.446,56.446,56.446,0,56.446
1,3.577,56.532,56.532,56.532,56.532,56.532,56.532,0,56.532
1,3.626,56.601,56.601,56.601,56.601,56.601,56.601,0,56.601
1,3.675,56.654,56.654,56.654,56.654,56.654,56.654,0,56.654
1,3.724,56.695,56.695,56.695,56.695,56.695,56.695,0,56.695
1,3.773,56.815,56.815,56.815,56.815,56.815,56.815,0,56.815
1,3.822,56.802,56.802,56.802,56.802,56.802,56.802,0,56.802
1,3.871,56.79,56.79,56.79,56.79,56.79,56.79,0,56.79
1,3.92,56.785,56.785,56.785,56.785,56.785,56.785,0,56.785
1,3.969,56.774,56.774,56.774,56.774,56.774,56.774,0,56.774
1,4.018,56.763,56.763,56.763,56.763,56.763,56.763,0,56.763
1,4.067,56.752,56.752,56.752,56.752,56.752,56.752,0,56.752
1,4.116,56.741,56.741,56.741,56.741,56.741,56.741,0,56.741
1,4.165,56.719,56.719,56.719,56.719,56.719,56.719,0,56.719
1,4.214,56.709,56.709,56.709,56.709,56.709,56.709,0,56.709
1,4.263,56.699,56.699,56.699,56.699,56.699,56.699,0,56.699
1,4.312,56.789,56.789,56.789,56.789,56.789,56.789,0,56.789
1,4.361,56.738,56.738,56.738,56.738,56.738,56.738,0,56.738
1,4.41,56.694,56.694,56.694,56.694,56.694,56.694,0,56.694
1,4.459,56.655,56.655,56.655,56.655,56.655,56.655,0,56.655
1,4.508,56.62,56.62,56.62,56.62,56.62,56.62,0,56.62
1,4.557,56.706,56.706,56.706,56.706,56.706,56.706,0,56.706
1,4.606,56.644,56.644,56.644,56.644,56.644,56.644,0,56.644
1,4.655,56.592,56.592,56.592,56.592,56.592,56.592,0,56.592
1,4.704,56.558,56.558,56.558,56.558,56.558,56.558,0,56.558
1,4.753,56.518,56.518,56.518,56.518,56.518,56.518,0,56.518
1,4.802,56.484,56.484,56.484,56.484,56.484,56.484,0,56.484
1,4.851,56.454,56.454,56.454,56.454,56.454,56.454,0,56.454
1,4.9,56.429,56.429,56.429,56.429,56.429,56.429,0,56.429
1,4.949,56.425,56.425,56.425,56.425,56.425,56.425,0,56.425
1,4.998,56.4,56.4,56.4,56.4,56.4,56.4,0,56.4
1,5.047,56.379,56.379,56.379,56.379,56.379,56.379,0,56.379
1,5.096,56.432,56.432,56.432,56.432,56.432,56.432,0,56.432
1,5.145,56.388,56.388,56.388,56.388,56.388,56.388,0,56.388
1,5.194,56.355,56.355,56.355,56.355,56.355,56.355,0,56.355
1,5.243,56.33,56.33,56.33,56.33,56.33,56.33,0,56.33
1,5.292,56.312,56.312,56.312,56.312,56.312,56.312,0,56.312
1,5.341,56.3,56.3,56.3,56.3,56.3,56.3,0,56.3
1,5.39,56.286,56.286,56.286,56.286,56.286,56.286,0,56.286
1,5.439,56.278,56.278,56.278,56.278,56.278,56.278,0,56.278
1,5.488,56.288,56.288,56.288,56.288,56.288,56.288,0,56.288
1,5.537,56.279,56.279,56.279,56.279,56.279,56.279,0,56.279
1,5.586,56.275,56.275,56.275,56.275,56.275,56.275,0,56.275
1,5.635,56.273,56.273,56.273,56.273,56.273,56.273,0,56.273
1,5.684,56.274,56.274,56.274,56.274,56.274,56.274,0,56.274
1,5.733,70.875,70.875,70.875,70.875,70.875,70.875,0,70.875
1,5.782,69.549,69.549,69.549,69.549,69.549,69.549,0,69.549
1,5.831,68.385,68.385,68.385,68.385,68.385,68.385,0,68.385
1,5.88,67.353,67.353,67.353,67.353,67.353,67.353,0,67.353
1,5.929,66.448,66.448,66.448,66.448,66.448,66.448,0,66.448
1,5.978,65.649,65.649,65.649,65.649,65.649,65.649,0,65.649
1,6.027,64.94,64.94,64.94,64.94,64.94,64.94,0,64.94
1,6.076,64.31,64.31,64.31,64.31,64.31,64.31,0,64.31
1,6.125,65.307,65.307,65.307,65.307,65.307,65.307,0,65.307
1,6.174,64.932,64.932,64.932,64.932,64.932,64.932,0,64.932
1,6.223,64.568,64.568,64.568,64.568,64.568,64.568,0,64.568
1,6.272,64.14,64.14,64.14,64.14,64.14,64.14,0,64.14
1,6.321,63.778,63.778,63.778,63.778,63.778,63.778,0,63.778
1,6.37,63.444,63.444,63.444,63.444,63.444,63.444,0,63.444
1,6.419,63.134,63.134,63.134,63.134,63.134,63.134,0,63.134
1,6.468,62.848,62.848,62.848,62.848,62.848,62.848,0,62.848
1,6.517,76.925,76.925,76.925,76.925,76.925,76.925,0,76.925
1,6.566,75.376,75.376,75.376,75.376,75.376,75.376,0,75.376
1,6.615,74.002,74.002,74.002,74.002,74.002,74.002,0,74.002
1,6.664,72.774,72.774,72.774,72.774,72.774,72.774,0,72.774
1,6.713,71.684,71.684,71.684,71.684,71.684,71.684,0,71.684
1,6.762,70.71,70.71,70.71,70.71,70.71,70.71,0,70.71
1,6.811,69.838,69.838,69.838,69.838,69.838,69.838,0,69.838
1,6.86,69.054,69.054,69.054,69.054,69.054,69.054,0,69.054
1,6.909,68.335,68.335,68.335,68.335,68.335,68.335,0,68.335
1,6.958,67.701,67.701,67.701,67.701,67.701,67.701,0,67.701
1,7.007,67.125,67.125,67.125,67.125,67.125,67.125,0,67.125
1,7.056,66.601,66.601,66.601,66.601,66.601,66.601,0,66.601
1,7.105,66.122,66.122,66.122,66.122,66.122,66.122,0,66.122
1,7.154,65.673,65.673,65.673,65.673,65.673,65.673,0,65.673
1,7.203,65.274,65.274,65.274,65.274,65.274,65.274,0,65.274
1,7.252,64.906,64.906,64.906,64.906,64.906,64.906,0,64.906
1,7.301,84.62,84.62,84.62,84.62,84.62,84.62,0,84.62
1,7.35,82.493,82.493,82.493,82.493,82.493,82.493,0,82.493
1,7.399,80.602,80.602,80.602,80.602,80.602,80.602,0,80.602
1,7.448,78.916,78.916,78.916,78.916,78.916,78.916,0,78.916
1,7.497,77.408,77.408,77.408,77.408,77.408,77.408,0,77.408
1,7.546,76.056,76.056,76.056,76.056,76.056,76.056,0,76.056
1,7.595,74.839,74.839,74.839,74.839,74.839,74.839,0,74.839
1,7.644,73.742,73.742,73.742,73.742,73.742,73.742,0,73.742
1,7.693,72.171,72.171,72.171,72.171,72.171,72.171,0,72.171
1,7.742,71.367,71.367,71.367,71.367,71.367,71.367,0,71.367
1,7.791,70.636,70.636,70.636,70.636,70.636,70.636,0,70.636
1,7.84,69.971,69.971,69.971,69.971,69.971,69.971,0,69.971
1,7.889,69.364,69.364,69.364,69.364,69.364,69.364,0,69.364
1,7.938,68.852,68.852,68.852,68.852,68.852,68.852,0,68.852
1,7.987,68.326,68.326,68.326,68.326,68.326,68.326,0,68.326
1,8.036,67.844,67.844,67.844,67.844,67.844,67.844,0,67.844
1,8.085,87.082,87.082,87.082,87.082,87.082,87.082,0,87.082
1,8.134,84.894,84.894,84.894,84.894,84.894,84.894,0,84.894
1,8.183,82.947,82.947,82.947,82.947,82.947,82.947,0,82.947
1,8.232,81.21,81.21,81.21,81.21,81.21,81.21,0,81.21
1,8.281,79.654,79.654,79.654,79.654,79.654,79.654,0,79.654
1,8.33,77.928,77.928,77.928,77.928,77.928,77.928,0,77.928
1,8.379,76.71,76.71,76.71,76.71,76.71,76.71,0,76.71
1,8.428,75.611,75.611,75.611,75.611,75.611,75.611,0,75.611
1,8.477,74.047,74.047,74.047,74.047,74.047,74.047,0,74.047
1,8.526,73.228,73.228,73.228,73.228,73.228,73.228,0,73.228
1,8.575,72.484,72.484,72.484,72.484,72.484,72.484,0,72.484
1,8.624,71.808,71.808,71.808,71.808,71.808,71.808,0,71.808
1,8.673,71.191,71.191,71.191,71.191,71.191,71.191,0,71.191
1,8.722,70.678,70.678,70.678,70.678,70.678,70.678,0,70.678
1,8.771,70.154,70.154,70.154,70.154,70.154,70.154,0,70.154
1,8.82,69.674,69.674,69.674,69.674,69.674,69.674,0,69.674
1,8.869,68.909,68.909,68.909,68.909,68.909,68.909,0,68.909
1,8.918,68.537,68.537,68.537,68.537,68.537,68.537,0,68.537
1,8.967,68.195,68.195,68.195,68.195,68.195,68.195,0,68.195
1,9.016,67.881,67.881,67.881,67.881,67.881,67.881,0,67.881
1,9.065,67.59,67.59,67.59,67.59,67.59,67.59,0,67.59
1,9.114,86.515,86.515,86.515,86.515,86.515,86.515,0,86.515
1,9.163,84.527,84.527,84.527,84.527,84.527,84.527,0,84.527
1,9.212,82.761,82.761,82.761,82.761,82.761,82.761,0,82.761
1,9.261,81.275,81.275,81.275,81.275,81.275,81.275,0,81.275
1,9.31,79.827,79.827,79.827,79.827,79.827,79.827,0,79.827
1,9.359,78.537,78.537,78.537,78.537,78.537,78.537,0,78.537
1,9.408,77.382,77.382,77.382,77.382,77.382,77.382,0,77.382
1,9.457,76.345,76.345,76.345,76.345,76.345,76.345,0,76.345
1,9.506,74.858,74.858,74.858,74.858,74.858,74.858,0,74.858
1,9.555,74.102,74.102,74.102,74.102,74.102,74.102,0,74.102
1,9.604,73.417,73.417,73.417,73.417,73.417,73.417,0,73.417
1,9.653,72.827,72.827,72.827,72.827,72.827,72.827,0,72.827
1,9.702,72.257,72.257,72.257,72.257,72.257,72.257,0,72.257
1,9.751,71.732,71.732,71.732,71.732,71.732,71.732,0,71.732
1,9.8,71.247,71.247,71.247,71.247,71.247,71.247,0,71.247
1,9.849,70.799,70.799,70.799,70.799,70.799,70.799,0,70.799
1,9.898,89.208,89.208,89.208,89.208,89.208,89.208,0,89.208
1,9.947,87.123,87.123,87.123,87.123,87.123,87.123,0,87.123
1,9.996,85.265,85.265,85.265,85.265,85.265,85.265,0,85.265
1,10.045,83.616,83.616,83.616,83.616,83.616,83.616,0,83.616
1,10.094,82.121,82.121,82.121,82.121,82.121,82.121,0,82.121
1,10.143,80.777,80.777,80.777,80.777,80.777,80.777,0,80.777
1,10.192,79.566,79.566,79.566,79.566,79.566,79.566,0,79.566
1,10.241,78.471,78.471,78.471,78.471,78.471,78.471,0,78.471
1,10.29,77.477,77.477,77.477,77.477,77.477,77.477,0,77.477
1,10.339,76.572,76.572,76.572,76.572,76.572,76.572,0,76.572
1,10.388,75.748,75.748,75.748,75.748,75.748,75.748,0,75.748
1,10.437,74.994,74.994,74.994,74.994,74.994,74.994,0,74.994
1,10.486,74.304,74.304,74.304,74.304,74.304,74.304,0,74.304
1,10.535,73.665,73.665,73.665,73.665,73.665,73.665,0,73.665
1,10.584,73.083,73.083,73.083,73.083,73.083,73.083,0,73.083
1,10.633,72.546,72.546,72.546,72.546,72.546,72.546,0,72.546
1,10.682,72.056,72.056,72.056,72.056,72.056,72.056,0,72.056
1,10.731,71.592,71.592,71.592,71.592,71.592,71.592,0,71.592
1,10.78,71.16,71.16,71.16,71.16,71.16,71.16,0,71.16
1,10.829,70.757,70.757,70.757,70.757,70.757,70.757,0,70.757
1,10.878,70.381,70.381,70.381,70.381,70.381,70.381,0,70.381
1,10.927,69.608,69.608,69.608,69.608,69.608,69.608,0,69.608
1,10.976,69.376,69.376,69.376,69.376,69.376,69.376,0,69.376
1,11.025,69.15,69.15,69.15,69.15,69.15,69.15,0,69.15
1,11.074,81.74,81.74,81.74,81.74,81.74,81.74,0,81.74
1,11.123,80.359,80.359,80.359,80.359,80.359,80.359,0,80.359
1,11.172,79.128,79.128,79.128,79.128,79.128,79.128,0,79.128
1,11.221,78.027,78.027,78.027,78.027,78.027,78.027,0,78.027
1,11.27,77.038,77.038,77.038,77.038,77.038,77.038,0,77.038
1,11.319,76.151,76.151,76.151,76.151,76.151,76.151,0,76.151
1,11.368,75.284,75.284,75.284,75.284,75.284,75.284,0,75.284
1,11.417,74.514,74.514,74.514,74.514,74.514,74.514,0,74.514
1,11.466,73.796,73.796,73.796,73.796,73.796,73.796,0,73.796
1,11.515,73.19,73.19,73.19,73.19,73.19,73.19,0,73.19
1,11.564,72.643,72.643,72.643,72.643,72.643,72.643,0,72.643
1,11.613,72.147,72.147,72.147,72.147,72.147,72.147,0,72.147
1,11.662,71.695,71.695,71.695,71.695,71.695,71.695,0,71.695
1,11.711,71.234,71.234,71.234,71.234,71.234,71.234,0,71.234
1,11.76,70.87,70.87,70.87,70.87,70.87,70.87,0,70.87
1,11.809,70.533,70.533,70.533,70.533,70.533,70.533,0,70.533
1,11.858,68.53,68.53,68.53,68.53,68.53,68.53,0,68.53
1,11.907,68.703,68.703,68.703,68.703,68.703,68.703,0,68.703
1,11.956,68.819,68.819,68.819,68.819,68.819,68.819,0,68.819
1,12.005,68.888,68.888,68.888,68.888,68.888,68.888,0,68.888
1,12.054,68.918,68.918,68.918,68.918,68.918,68.918,0,68.918
1,12.103,68.918,68.918,68.918,68.918,68.918,68.918,0,68.918
1,12.152,68.891,68.891,68.891,68.891,68.891,68.891,0,68.891
1,12.201,68.844,68.844,68.844,68.844,68.844,68.844,0,68.844
1,12.25,68.329,68.329,68.329,68.329,68.329,68.329,0,68.329
1,12.299,68.366,68.366,68.366,68.366,68.366,68.366,0,68.366
1,12.348,68.374,68.374,68.374,68.374,68.374,68.374,0,68.374
1,12.397,68.359,68.359,68.359,68.359,68.359,68.359,0,68.359
1,12.446,68.325,68.325,68.325,68.325,68.325,68.325,0,68.325
1,12.495,68.277,68.277,68.277,68.277,68.277,68.277,0,68.277
1,12.544,68.214,68.214,68.214,68.214,68.214,68.214,0,68.214
1,12.593,68.143,68.143,68.143,68.143,68.143,68.143,0,68.143
1,12.642,68.083,68.083,68.083,68.083,68.083,68.083,0,68.083
1,12.691,67.998,67.998,67.998,67.998,67.998,67.998,0,67.998
1,12.74,67.909,67.909,67.909,67.909,67.909,67.909,0,67.909
1,12.789,67.818,67.818,67.818,67.818,67.818,67.818,0,67.818
1,12.838,67.725,67.725,67.725,67.725,67.725,67.725,0,67.725
1,12.887,65.969,65.969,65.969,65.969,65.969,65.969,0,65.969
1,12.936,66.333,66.333,66.333,66.333,66.333,66.333,0,66.333
1,12.985,66.623,66.623,66.623,66.623,66.623,66.623,0,66.623
1,13.034,66.849,66.849,66.849,66.849,66.849,66.849,0,66.849
1,13.083,67.024,67.024,67.024,67.024,67.024,67.024,0,67.024
1,13.132,67.155,67.155,67.155,67.155,67.155,67.155,0,67.155
1,13.181,67.249,67.249,67.249,67.249,67.249,67.249,0,67.249
1,13.23,67.314,67.314,67.314,67.314,67.314,67.314,0,67.314
1,13.279,67.359,67.359,67.359,67.359,67.359,67.359,0,67.359
1,13.328,67.375,67.375,67.375,67.375,67.375,67.375,0,67.375
1,13.377,67.374,67.374,67.374,67.374,67.374,67.374,0,67.374
1,13.426,67.38,67.38,67.38,67.38,67.38,67.38,0,67.38
1,13.475,67.342,67.342,67.342,67.342,67.342,67.342,0,67.342
1,13.524,67.297,67.297,67.297,67.297,67.297,67.297,0,67.297
1,13.573,67.248,67.248,67.248,67.248,67.248,67.248,0,67.248
1,13.622,67.194,67.194,67.194,67.194,67.194,67.194,0,67.194
1,13.671,67.135,67.135,67.135,67.135,67.135,67.135,0,67.135
1,13.72,67.077,67.077,67.077,67.077,67.077,67.077,0,67.077
1,13.769,67.015,67.015,67.015,67.015,67.015,67.015,0,67.015
1,13.818,66.952,66.952,66.952,66.952,66.952,66.952,0,66.952
1,13.867,66.887,66.887,66.887,66.887,66.887,66.887,0,66.887
1,13.916,66.82,66.82,66.82,66.82,66.82,66.82,0,66.82
1,13.965,66.752,66.752,66.752,66.752,66.752,66.752,0,66.752
1,14.014,66.684,66.684,66.684,66.684,66.684,66.684,0,66.684
1,14.063,66.615,66.615,66.615,66.615,66.615,66.615,0,66.615
1,14.112,66.546,66.546,66.546,66.546,66.546,66.546,0,66.546
1,14.161,66.477,66.477,66.477,66.477,66.477,66.477,0,66.477
1,14.21,66.41,66.41,66.41,66.41,66.41,66.41,0,66.41
1,14.259,66.344,66.344,66.344,66.344,66.344,66.344,0,66.344
1,14.308,66.353,66.353,66.353,66.353,66.353,66.353,0,66.353
1,14.357,66.261,66.261,66.261,66.261,66.261,66.261,0,66.261
1,14.406,66.178,66.178,66.178,66.178,66.178,66.178,0,66.178
1,14.455,66.111,66.111,66.111,66.111,66.111,66.111,0,66.111
1,14.504,66.038,66.038,66.038,66.038,66.038,66.038,0,66.038
1,14.553,65.97,65.97,65.97,65.97,65.97,65.97,0,65.97
1,14.602,65.906,65.906,65.906,65.906,65.906,65.906,0,65.906
1,14.651,65.846,65.846,65.846,65.846,65.846,65.846,0,65.846
1,14.7,65.787,65.787,65.787,65.787,65.787,65.787,0,65.787
1,14.749,65.732,65.732,65.732,65.732,65.732,65.732,0,65.732
1,14.798,65.681,65.681,65.681,65.681,65.681,65.681,0,65.681
1,14.847,65.618,65.618,65.618,65.618,65.618,65.618,0,65.618
1,14.896,65.576,65.576,65.576,65.576,65.576,65.576,0,65.576
1,14.945,65.533,65.533,65.533,65.533,65.533,65.533,0,65.533
1,14.994,65.49,65.49,65.49,65.49,65.49,65.49,0,65.49
1,15.043,65.448,65.448,65.448,65.448,65.448,65.448,0,65.448
1,15.092,65.433,65.433,65.433,65.433,65.433,65.433,0,65.433
1,15.141,65.389,65.389,65.389,65.389,65.389,65.389,0,65.389
1,15.19,65.344,65.344,65.344,65.344,65.344,65.344,0,65.344
1,15.239,76.698,76.698,76.698,76.698,76.698,76.698,0,76.698
1,15.288,75.612,75.612,75.612,75.612,75.612,75.612,0,75.612
1,15.337,74.653,74.653,74.653,74.653,74.653,74.653,0,74.653
1,15.386,73.804,73.804,73.804,73.804,73.804,73.804,0,73.804
1,15.435,73.05,73.05,73.05,73.05,73.05,73.05,0,73.05
1,15.484,72.331,72.331,72.331,72.331,72.331,72.331,0,72.331
1,15.533,71.705,71.705,71.705,71.705,71.705,71.705,0,71.705
1,15.582,71.152,71.152,71.152,71.152,71.152,71.152,0,71.152
1,15.631,70.653,70.653,70.653,70.653,70.653,70.653,0,70.653
1,15.68,70.219,70.219,70.219,70.219,70.219,70.219,0,70.219
1,15.729,69.83,69.83,69.83,69.83,69.83,69.83,0,69.83
1,15.778,69.481,69.481,69.481,69.481,69.481,69.481,0,69.481
1,15.827,69.167,69.167,69.167,69.167,69.167,69.167,0,69.167
1,15.876,68.879,68.879,68.879,68.879,68.879,68.879,0,68.879
1,15.925,68.619,68.619,68.619,68.619,68.619,68.619,0,68.619
1,15.974,68.385,68.385,68.385,68.385,68.385,68.385,0,68.385
1,16.023,68.126,68.126,68.126,68.126,68.126,68.126,0,68.126
1,16.072,67.902,67.902,67.902,67.902,67.902,67.902,0,67.902
1,16.121,67.706,67.706,67.706,67.706,67.706,67.706,0,67.706
1,16.17,67.532,67.532,67.532,67.532,67.532,67.532,0,67.532
1,16.219,67.378,67.378,67.378,67.378,67.378,67.378,0,67.378
1,16.268,78.296,78.296,78.296,78.296,78.296,78.296,0,78.296
1,16.317,77.163,77.163,77.163,77.163,77.163,77.163,0,77.163
1,16.366,76.164,76.164,76.164,76.164,76.164,76.164,0,76.164
1,16.415,74.905,74.905,74.905,74.905,74.905,74.905,0,74.905
1,16.464,74.211,74.211,74.211,74.211,74.211,74.211,0,74.211
1,16.513,73.591,73.591,73.591,73.591,73.591,73.591,0,73.591
1,16.562,73.035,73.035,73.035,73.035,73.035,73.035,0,73.035
1,16.611,72.535,72.535,72.535,72.535,72.535,72.535,0,72.535
1,16.66,73.257,73.257,73.257,73.257,73.257,73.257,0,73.257
1,16.709,72.945,72.945,72.945,72.945,72.945,72.945,0,72.945
1,16.758,72.64,72.64,72.64,72.64,72.64,72.64,0,72.64
1,16.807,72.249,72.249,72.249,72.249,72.249,72.249,0,72.249
1,16.856,71.957,71.957,71.957,71.957,71.957,71.957,0,71.957
1,16.905,71.681,71.681,71.681,71.681,71.681,71.681,0,71.681
1,16.954,71.421,71.421,71.421,71.421,71.421,71.421,0,71.421
1,17.003,71.177,71.177,71.177,71.177,71.177,71.177,0,71.177
1,17.052,81.741,81.741,81.741,81.741,81.741,81.741,0,81.741
1,17.101,80.543,80.543,80.543,80.543,80.543,80.543,0,80.543
1,17.15,79.476,79.476,79.476,79.476,79.476,79.476,0,79.476
1,17.199,78.523,78.523,78.523,78.523,78.523,78.523,0,78.523
1,17.248,77.67,77.67,77.67,77.67,77.67,77.67,0,77.67
1,17.297,76.903,76.903,76.903,76.903,76.903,76.903,0,76.903
1,17.346,76.212,76.212,76.212,76.212,76.212,76.212,0,76.212
1,17.395,75.587,75.587,75.587,75.587,75.587,75.587,0,75.587
1,17.444,75.03,75.03,75.03,75.03,75.03,75.03,0,75.03
1,17.493,74.525,74.525,74.525,74.525,74.525,74.525,0,74.525
1,17.542,74.062,74.062,74.062,74.062,74.062,74.062,0,74.062
1,17.591,73.639,73.639,73.639,73.639,73.639,73.639,0,73.639
1,17.64,73.249,73.249,73.249,73.249,73.249,73.249,0,73.249
1,17.689,72.914,72.914,72.914,72.914,72.914,72.914,0,72.914
1,17.738,72.579,72.579,72.579,72.579,72.579,72.579,0,72.579
1,17.787,72.268,72.268,72.268,72.268,72.268,72.268,0,72.268
1,17.836,86.984,86.984,86.984,86.984,86.984,86.984,0,86.984
1,17.885,85.358,85.358,85.358,85.358,85.358,85.358,0,85.358
1,17.934,83.911,83.911,83.911,83.911,83.911,83.911,0,83.911
1,17.983,82.619,82.619,82.619,82.619,82.619,82.619,0,82.619
1,18.032,81.461,81.461,81.461,81.461,81.461,81.461,0,81.461
1,18.081,80.414,80.414,80.414,80.414,80.414,80.414,0,80.414
1,18.13,79.478,79.478,79.478,79.478,79.478,79.478,0,79.478
1,18.179,78.633,78.633,78.633,78.633,78.633,78.633,0,78.633
1,18.228,77.434,77.434,77.434,77.434,77.434,77.434,0,77.434
1,18.277,76.81,76.81,76.81,76.81,76.81,76.81,0,76.81
1,18.326,76.241,76.241,76.241,76.241,76.241,76.241,0,76.241
1,18.375,75.722,75.722,75.722,75.722,75.722,75.722,0,75.722
1,18.424,75.245,75.245,75.245,75.245,75.245,75.245,0,75.245
1,18.473,74.906,74.906,74.906,74.906,74.906,74.906,0,74.906
1,18.522,74.468,74.468,74.468,74.468,74.468,74.468,0,74.468
1,18.571,74.069,74.069,74.069,74.069,74.069,74.069,0,74.069
1,18.62,88.328,88.328,88.328,88.328,88.328,88.328,0,88.328
1,18.669,86.667,86.667,86.667,86.667,86.667,86.667,0,86.667
1,18.718,85.189,85.189,85.189,85.189,85.189,85.189,0,85.189
1,18.767,83.869,83.869,83.869,83.869,83.869,83.869,0,83.869
1,18.816,82.686,82.686,82.686,82.686,82.686,82.686,0,82.686
1,18.865,81.38,81.38,81.38,81.38,81.38,81.38,0,81.38
1,18.914,80.451,80.451,80.451,80.451,80.451,80.451,0,80.451
1,18.963,79.613,79.613,79.613,79.613,79.613,79.613,0,79.613
1,19.012,78.909,78.909,78.909,78.909,78.909,78.909,0,78.909
1,19.061,78.198,78.198,78.198,78.198,78.198,78.198,0,78.198
1,19.11,77.555,77.555,77.555,77.555,77.555,77.555,0,77.555
1,19.159,76.971,76.971,76.971,76.971,76.971,76.971,0,76.971
1,19.208,76.44,76.44,76.44,76.44,76.44,76.44,0,76.44
1,19.257,75.978,75.978,75.978,75.978,75.978,75.978,0,75.978
1,19.306,75.538,75.538,75.538,75.538,75.538,75.538,0,75.538
1,19.355,75.133,75.133,75.133,75.133,75.133,75.133,0,75.133
1,19.404,74.529,74.529,74.529,74.529,74.529,74.529,0,74.529
1,19.453,74.209,74.209,74.209,74.209,74.209,74.209,0,74.209
1,19.502,73.915,73.915,73.915,73.915,73.915,73.915,0,73.915
1,19.551,73.642,73.642,73.642,73.642,73.642,73.642,0,73.642
1,19.6,73.39,73.39,73.39,73.39,73.39,73.39,0,73.39
1,19.649,87.286,87.286,87.286,87.286,87.286,87.286,0,87.286
1,19.698,85.791,85.791,85.791,85.791,85.791,85.791,0,85.791
1,19.747,84.46,84.46,84.46,84.46,84.46,84.46,0,84.46
1,19.796,83.341,83.341,83.341,83.341,83.341,83.341,0,83.341
1,19.845,82.245,82.245,82.245,82.245,82.245,82.245,0,82.245
1,19.894,81.264,81.264,81.264,81.264,81.264,81.264,0,81.264
1,19.943,80.385,80.385,80.385,80.385,80.385,80.385,0,80.385
1,19.992,79.593,79.593,79.593,79.593,79.593,79.593,0,79.593
1,20.041,78.967,78.967,78.967,78.967,78.967,78.967,0,78.967
1,20.09,78.297,78.297,78.297,78.297,78.297,78.297,0,78.297
1,20.139,77.689,77.689,77.689,77.689,77.689,77.689,0,77.689
1,20.188,77.162,77.162,77.162,77.162,77.162,77.162,0,77.162
1,20.237,76.658,76.658,76.658,76.658,76.658,76.658,0,76.658
1,20.286,76.195,76.195,76.195,76.195,76.195,76.195,0,76.195
1,20.335,75.77,75.77,75.77,75.77,75.77,75.77,0,75.77
1,20.384,75.379,75.379,75.379,75.379,75.379,75.379,0,75.379
1,20.433,75.027,75.027,75.027,75.027,75.027,75.027,0,75.027
1,20.482,74.688,74.688,74.688,74.688,74.688,74.688,0,74.688
1,20.531,74.376,74.376,74.376,74.376,74.376,74.376,0,74.376
1,20.58,74.09,74.09,74.09,74.09,74.09,74.09,0,74.09
1,20.629,73.816,73.816,73.816,73.816,73.816,73.816,0,73.816
1,20.678,73.562,73.562,73.562,73.562,73.562,73.562,0,73.562
1,20.727,73.327,73.327,73.327,73.327,73.327,73.327,0,73.327
1,20.776,73.108,73.108,73.108,73.108,73.108,73.108,0,73.108
1,20.825,72.97,72.97,72.97,72.97,72.97,72.97,0,72.97
1,20.874,72.752,72.752,72.752,72.752,72.752,72.752,0,72.752
1,20.923,72.55,72.55,72.55,72.55,72.55,72.55,0,72.55
1,20.972,72.362,72.362,72.362,72.362,72.362,72.362,0,72.362
1,21.021,72.189,72.189,72.189,72.189,72.189,72.189,0,72.189
1,21.07,72.024,72.024,72.024,72.024,72.024,72.024,0,72.024
1,21.119,71.875,71.875,71.875,71.875,71.875,71.875,0,71.875
1,21.168,71.735,71.735,71.735,71.735,71.735,71.735,0,71.735
1,21.217,71.605,71.605,71.605,71.605,71.605,71.605,0,71.605
1,21.266,71.48,71.48,71.48,71.48,71.48,71.48,0,71.48
1,21.315,71.361,71.361,71.361,71.361,71.361,71.361,0,71.361
1,21.364,71.249,71.249,71.249,71.249,71.249,71.249,0,71.249
1,21.413,71.143,71.143,71.143,71.143,71.143,71.143,0,71.143
1,21.462,70.737,70.737,70.737,70.737,70.737,70.737,0,70.737
1,21.511,70.712,70.712,70.712,70.712,70.712,70.712,0,70.712
1,21.56,70.682,70.682,70.682,70.682,70.682,70.682,0,70.682
1,21.609,69.385,69.385,69.385,69.385,69.385,69.385,0,69.385
1,21.658,69.695,69.695,69.695,69.695,69.695,69.695,0,69.695
1,21.707,69.944,69.944,69.944,69.944,69.944,69.944,0,69.944
1,21.756,70.145,70.145,70.145,70.145,70.145,70.145,0,70.145
1,21.805,70.304,70.304,70.304,70.304,70.304,70.304,0,70.304
1,21.854,70.429,70.429,70.429,70.429,70.429,70.429,0,70.429
1,21.903,70.479,70.479,70.479,70.479,70.479,70.479,0,70.479
1,21.952,70.52,70.52,70.52,70.52,70.52,70.52,0,70.52
1,22.001,70.553,70.553,70.553,70.553,70.553,70.553,0,70.553
1,22.05,70.579,70.579,70.579,70.579,70.579,70.579,0,70.579
1,22.099,70.597,70.597,70.597,70.597,70.597,70.597,0,70.597
1,22.148,70.608,70.608,70.608,70.608,70.608,70.608,0,70.608
1,22.197,70.614,70.614,70.614,70.614,70.614,70.614,0,70.614
1,22.246,70.585,70.585,70.585,70.585,70.585,70.585,0,70.585
1,22.295,70.592,70.592,70.592,70.592,70.592,70.592,0,70.592
1,22.344,70.593,70.593,70.593,70.593,70.593,70.593,0,70.593
1,22.393,70.581,70.581,70.581,70.581,70.581,70.581,0,70.581
1,22.442,70.573,70.573,70.573,70.573,70.573,70.573,0,70.573
1,22.491,70.559,70.559,70.559,70.559,70.559,70.559,0,70.559
1,22.54,70.542,70.542,70.542,70.542,70.542,70.542,0,70.542
1,22.589,70.522,70.522,70.522,70.522,70.522,70.522,0,70.522
1,22.638,70.482,70.482,70.482,70.482,70.482,70.482,0,70.482
1,22.687,70.461,70.461,70.461,70.461,70.461,70.461,0,70.461
1,22.736,70.438,70.438,70.438,70.438,70.438,70.438,0,70.438
1,22.785,70.416,70.416,70.416,70.416,70.416,70.416,0,70.416
1,22.834,70.386,70.386,70.386,70.386,70.386,70.386,0,70.386
1,22.883,70.356,70.356,70.356,70.356,70.356,70.356,0,70.356
1,22.932,70.324,70.324,70.324,70.324,70.324,70.324,0,70.324
1,22.981,70.292,70.292,70.292,70.292,70.292,70.292,0,70.292
1,23.03,70.263,70.263,70.263,70.263,70.263,70.263,0,70.263
1,23.079,70.228,70.228,70.228,70.228,70.228,70.228,0,70.228
1,23.128,70.193,70.193,70.193,70.193,70.193,70.193,0,70.193
1,23.177,70.169,70.169,70.169,70.169,70.169,70.169,0,70.169
1,23.226,70.133,70.133,70.133,70.133,70.133,70.133,0,70.133
1,23.275,70.099,70.099,70.099,70.099,70.099,70.099,0,70.099
1,23.324,70.065,70.065,70.065,70.065,70.065,70.065,0,70.065
1,23.373,70.032,70.032,70.032,70.032,70.032,70.032,0,70.032
1,23.422,69.626,69.626,69.626,69.626,69.626,69.626,0,69.626
1,23.471,69.646,69.646,69.646,69.646,69.646,69.646,0,69.646
1,23.52,69.662,69.662,69.662,69.662,69.662,69.662,0,69.662
1,23.569,69.676,69.676,69.676,69.676,69.676,69.676,0,69.676
1,23.618,69.685,69.685,69.685,69.685,69.685,69.685,0,69.685
1,23.667,69.69,69.69,69.69,69.69,69.69,69.69,0,69.69
1,23.716,69.693,69.693,69.693,69.693,69.693,69.693,0,69.693
1,23.765,69.694,69.694,69.694,69.694,69.694,69.694,0,69.694
1,23.814,81.804,81.804,81.804,81.804,81.804,81.804,0,81.804
1,23.863,80.704,80.704,80.704,80.704,80.704,80.704,0,80.704
1,23.912,79.732,79.732,79.732,79.732,79.732,79.732,0,79.732
1,23.961,78.885,78.885,78.885,78.885,78.885,78.885,0,78.885
1,24.01,78.11,78.11,78.11,78.11,78.11,78.11,0,78.11
1,24.059,77.42,77.42,77.42,77.42,77.42,77.42,0,77.42
1,24.108,76.804,76.804,76.804,76.804,76.804,76.804,0,76.804
1,24.157,76.252,76.252,76.252,76.252,76.252,76.252,0,76.252
1,24.206,75.393,75.393,75.393,75.393,75.393,75.393,0,75.393
1,24.255,74.998,74.998,74.998,74.998,74.998,74.998,0,74.998
1,24.304,74.641,74.641,74.641,74.641,74.641,74.641,0,74.641
1,24.353,74.32,74.32,74.32,74.32,74.32,74.32,0,74.32
1,24.402,74.025,74.025,74.025,74.025,74.025,74.025,0,74.025
1,24.451,73.757,73.757,73.757,73.757,73.757,73.757,0,73.757
1,24.5,73.512,73.512,73.512,73.512,73.512,73.512,0,73.512
1,24.549,73.287,73.287,73.287,73.287,73.287,73.287,0,73.287
1,24.598,73.974,73.974,73.974,73.974,73.974,73.974,0,73.974
1,24.647,73.854,73.854,73.854,73.854,73.854,73.854,0,73.854
1,24.696,73.726,73.726,73.726,73.726,73.726,73.726,0,73.726
1,24.745,73.594,73.594,73.594,73.594,73.594,73.594,0,73.594
1,24.794,73.46,73.46,73.46,73.46,73.46,73.46,0,73.46
1,24.843,73.371,73.371,73.371,73.371,73.371,73.371,0,73.371
1,24.892,73.221,73.221,73.221,73.221,73.221,73.221,0,73.221
1,24.941,73.078,73.078,73.078,73.078,73.078,73.078,0,73.078
1,24.99,81.068,81.068,81.068,81.068,81.068,81.068,0,81.068
1,25.039,80.197,80.197,80.197,80.197,80.197,80.197,0,80.197
1,25.088,79.423,79.423,79.423,79.423,79.423,79.423,0,79.423
1,25.137,78.733,78.733,78.733,78.733,78.733,78.733,0,78.733
1,25.186,78.115,78.115,78.115,78.115,78.115,78.115,0,78.115
1,25.235,77.559,77.559,77.559,77.559,77.559,77.559,0,77.559
1,25.284,77.06,77.06,77.06,77.06,77.06,77.06,0,77.06
1,25.333,76.609,76.609,76.609,76.609,76.609,76.609,0,76.609
1,25.382,77.058,77.058,77.058,77.058,77.058,77.058,0,77.058
1,25.431,76.759,76.759,76.759,76.759,76.759,76.759,0,76.759
1,25.48,76.469,76.469,76.469,76.469,76.469,76.469,0,76.469
1,25.529,76.19,76.19,76.19,76.19,76.19,76.19,0,76.19
1,25.578,75.923,75.923,75.923,75.923,75.923,75.923,0,75.923
1,25.627,75.663,75.663,75.663,75.663,75.663,75.663,0,75.663
1,25.676,75.42,75.42,75.42,75.42,75.42,75.42,0,75.42
1,25.725,75.189,75.189,75.189,75.189,75.189,75.189,0,75.189
1,25.774,82.832,82.832,82.832,82.832,82.832,82.832,0,82.832
1,25.823,81.906,81.906,81.906,81.906,81.906,81.906,0,81.906
1,25.872,81.078,81.078,81.078,81.078,81.078,81.078,0,81.078
1,25.921,80.336,80.336,80.336,80.336,80.336,80.336,0,80.336
1,25.97,79.668,79.668,79.668,79.668,79.668,79.668,0,79.668
1,26.019,79.023,79.023,79.023,79.023,79.023,79.023,0,79.023
1,26.068,78.462,78.462,78.462,78.462,78.462,78.462,0,78.462
1,26.117,77.956,77.956,77.956,77.956,77.956,77.956,0,77.956
1,26.166,77.496,77.496,77.496,77.496,77.496,77.496,0,77.496
1,26.215,77.084,77.084,77.084,77.084,77.084,77.084,0,77.084
1,26.264,76.71,76.71,76.71,76.71,76.71,76.71,0,76.71
1,26.313,76.368,76.368,76.368,76.368,76.368,76.368,0,76.368
1,26.362,76.055,76.055,76.055,76.055,76.055,76.055,0,76.055
1,26.411,75.763,75.763,75.763,75.763,75.763,75.763,0,75.763
1,26.46,75.498,75.498,75.498,75.498,75.498,75.498,0,75.498
1,26.509,75.252,75.252,75.252,75.252,75.252,75.252,0,75.252
1,26.558,74.995,74.995,74.995,74.995,74.995,74.995,0,74.995
1,26.607,74.765,74.765,74.765,74.765,74.765,74.765,0,74.765
1,26.656,74.555,74.555,74.555,74.555,74.555,74.555,0,74.555
1,26.705,74.365,74.365,74.365,74.365,74.365,74.365,0,74.365
1,26.754,74.19,74.19,74.19,74.19,74.19,74.19,0,74.19
1,26.803,81.539,81.539,81.539,81.539,81.539,81.539,0,81.539
1,26.852,80.704,80.704,80.704,80.704,80.704,80.704,0,80.704
1,26.901,79.963,79.963,79.963,79.963,79.963,79.963,0,79.963
1,26.95,79.095,79.095,79.095,79.095,79.095,79.095,0,79.095
1,26.999,78.543,78.543,78.543,78.543,78.543,78.543,0,78.543
1,27.048,78.048,78.048,78.048,78.048,78.048,78.048,0,78.048
1,27.097,77.605,77.605,77.605,77.605,77.605,77.605,0,77.605
1,27.146,77.205,77.205,77.205,77.205,77.205,77.205,0,77.205
1,27.195,76.836,76.836,76.836,76.836,76.836,76.836,0,76.836
1,27.244,76.509,76.509,76.509,76.509,76.509,76.509,0,76.509
1,27.293,76.21,76.21,76.21,76.21,76.21,76.21,0,76.21
1,27.342,75.873,75.873,75.873,75.873,75.873,75.873,0,75.873
1,27.391,75.617,75.617,75.617,75.617,75.617,75.617,0,75.617
1,27.44,75.384,75.384,75.384,75.384,75.384,75.384,0,75.384
1,27.489,75.17,75.17,75.17,75.17,75.17,75.17,0,75.17
1,27.538,74.974,74.974,74.974,74.974,74.974,74.974,0,74.974
1,27.587,82.039,82.039,82.039,82.039,82.039,82.039,0,82.039
1,27.636,81.212,81.212,81.212,81.212,81.212,81.212,0,81.212
1,27.685,80.477,80.477,80.477,80.477,80.477,80.477,0,80.477
1,27.734,79.822,79.822,79.822,79.822,79.822,79.822,0,79.822
1,27.783,79.236,79.236,79.236,79.236,79.236,79.236,0,79.236
1,27.832,78.71,78.71,78.71,78.71,78.71,78.71,0,78.71
1,27.881,78.235,78.235,78.235,78.235,78.235,78.235,0,78.235
1,27.93,77.806,77.806,77.806,77.806,77.806,77.806,0,77.806
1,27.979,77.415,77.415,77.415,77.415,77.415,77.415,0,77.415
1,28.028,77.07,77.07,77.07,77.07,77.07,77.07,0,77.07
1,28.077,76.755,76.755,76.755,76.755,76.755,76.755,0,76.755
1,28.126,76.466,76.466,76.466,76.466,76.466,76.466,0,76.466
1,28.175,76.2,76.2,76.2,76.2,76.2,76.2,0,76.2
1,28.224,75.97,75.97,75.97,75.97,75.97,75.97,0,75.97
1,28.273,75.74,75.74,75.74,75.74,75.74,75.74,0,75.74
1,28.322,75.526,75.526,75.526,75.526,75.526,75.526,0,75.526
1,28.371,85.268,85.268,85.268,85.268,85.268,85.268,0,85.268
1,28.42,84.183,84.183,84.183,84.183,84.183,84.183,0,84.183
1,28.469,83.216,83.216,83.216,83.216,83.216,83.216,0,83.216
1,28.518,82.352,82.352,82.352,82.352,82.352,82.352,0,82.352
1,28.567,81.577,81.577,81.577,81.577,81.577,81.577,0,81.577
1,28.616,80.875,80.875,80.875,80.875,80.875,80.875,0,80.875
1,28.665,80.247,80.247,80.247,80.247,80.247,80.247,0,80.247
1,28.714,79.678,79.678,79.678,79.678,79.678,79.678,0,79.678
1,28.763,79.173,79.173,79.173,79.173,79.173,79.173,0,79.173
1,28.812,78.71,78.71,78.71,78.71,78.71,78.71,0,78.71
1,28.861,78.286,78.286,78.286,78.286,78.286,78.286,0,78.286
1,28.91,77.898,77.898,77.898,77.898,77.898,77.898,0,77.898
1,28.959,77.542,77.542,77.542,77.542,77.542,77.542,0,77.542
1,29.008,77.277,77.277,77.277,77.277,77.277,77.277,0,77.277
1,29.057,76.951,76.951,76.951,76.951,76.951,76.951,0,76.951
1,29.106,76.652,76.652,76.652,76.652,76.652,76.652,0,76.652
1,29.155,76.384,76.384,76.384,76.384,76.384,76.384,0,76.384
1,29.204,76.128,76.128,76.128,76.128,76.128,76.128,0,76.128
1,29.253,75.891,75.891,75.891,75.891,75.891,75.891,0,75.891
1,29.302,75.671,75.671,75.671,75.671,75.671,75.671,0,75.671
1,29.351,75.467,75.467,75.467,75.467,75.467,75.467,0,75.467
1,29.4,75.125,75.125,75.125,75.125,75.125,75.125,0,75.125
1,29.449,74.964,74.964,74.964,74.964,74.964,74.964,0,74.964
1,29.498,74.814,74.814,74.814,74.814,74.814,74.814,0,74.814
1,29.547,74.755,74.755,74.755,74.755,74.755,74.755,0,74.755
1,29.596,74.592,74.592,74.592,74.592,74.592,74.592,0,74.592
1,29.645,74.445,74.445,74.445,74.445,74.445,74.445,0,74.445
1,29.694,74.31,74.31,74.31,74.31,74.31,74.31,0,74.31
1,29.743,74.188,74.188,74.188,74.188,74.188,74.188,0,74.188
1,29.792,74.087,74.087,74.087,74.087,74.087,74.087,0,74.087
1,29.841,73.985,73.985,73.985,73.985,73.985,73.985,0,73.985
1,29.89,73.892,73.892,73.892,73.892,73.892,73.892,0,73.892
1,29.939,73.653,73.653,73.653,73.653,73.653,73.653,0,73.653
1,29.988,73.591,73.591,73.591,73.591,73.591,73.591,0,73.591
1,30.037,73.534,73.534,73.534,73.534,73.534,73.534,0,73.534
1,30.086,73.481,73.481,73.481,73.481,73.481,73.481,0,73.481
1,30.135,73.431,73.431,73.431,73.431,73.431,73.431,0,73.431
1,30.184,73.387,73.387,73.387,73.387,73.387,73.387,0,73.387
1,30.233,73.341,73.341,73.341,73.341,73.341,73.341,0,73.341
1,30.282,73.297,73.297,73.297,73.297,73.297,73.297,0,73.297
1,30.331,73.251,73.251,73.251,73.251,73.251,73.251,0,73.251
1,30.38,73.209,73.209,73.209,73.209,73.209,73.209,0,73.209
1,30.429,73.17,73.17,73.17,73.17,73.17,73.17,0,73.17
1,30.478,73.132,73.132,73.132,73.132,73.132,73.132,0,73.132
1,30.527,73.096,73.096,73.096,73.096,73.096,73.096,0,73.096
1,30.576,73.105,73.105,73.105,73.105,73.105,73.105,0,73.105
1,30.625,73.053,73.053,73.053,73.053,73.053,73.053,0,73.053
1,30.674,73.005,73.005,73.005,73.005,73.005,73.005,0,73.005
1,30.723,72.96,72.96,72.96,72.96,72.96,72.96,0,72.96
1,30.772,72.918,72.918,72.918,72.918,72.918,72.918,0,72.918
1,30.821,72.879,72.879,72.879,72.879,72.879,72.879,0,72.879
1,30.87,72.842,72.842,72.842,72.842,72.842,72.842,0,72.842
1,30.919,72.806,72.806,72.806,72.806,72.806,72.806,0,72.806
1,30.968,72.775,72.775,72.775,72.775,72.775,72.775,0,72.775
1,31.017,72.742,72.742,72.742,72.742,72.742,72.742,0,72.742
1,31.066,72.71,72.71,72.71,72.71,72.71,72.71,0,72.71
1,31.115,72.682,72.682,72.682,72.682,72.682,72.682,0,72.682
1,31.164,72.649,72.649,72.649,72.649,72.649,72.649,0,72.649
1,31.213,72.618,72.618,72.618,72.618,72.618,72.618,0,72.618
1,31.262,72.59,72.59,72.59,72.59,72.59,72.59,0,72.59
1,31.311,72.562,72.562,72.562,72.562,72.562,72.562,0,72.562
1,31.36,72.519,72.519,72.519,72.519,72.519,72.519,0,72.519
1,31.409,72.499,72.499,72.499,72.499,72.499,72.499,0,72.499
1,31.458,72.479,72.479,72.479,72.479,72.479,72.479,0,72.479
1,31.507,72.458,72.458,72.458,72.458,72.458,72.458,0,72.458
1,31.556,72.438,72.438,72.438,72.438,72.438,72.438,0,72.438
1,31.605,72.412,72.412,72.412,72.412,72.412,72.412,0,72.412
1,31.654,72.393,72.393,72.393,72.393,72.393,72.393,0,72.393
1,31.703,72.374,72.374,72.374,72.374,72.374,72.374,0,72.374
1,31.752,72.362,72.362,72.362,72.362,72.362,72.362,0,72.362
1,31.801,72.339,72.339,72.339,72.339,72.339,72.339,0,72.339
1,31.85,72.316,72.316,72.316,72.316,72.316,72.316,0,72.316
1,31.899,72.293,72.293,72.293,72.293,72.293,72.293,0,72.293
1,31.948,72.271,72.271,72.271,72.271,72.271,72.271,0,72.271
1,31.997,72.055,72.055,72.055,72.055,72.055,72.055,0,72.055
1,32.046,72.08,72.08,72.08,72.08,72.08,72.08,0,72.08
1,32.095,72.099,72.099,72.099,72.099,72.099,72.099,0,72.099
1,32.144,72.1,72.1,72.1,72.1,72.1,72.1,0,72.1
1,32.193,72.113,72.113,72.113,72.113,72.113,72.113,0,72.113
1,32.242,72.12,72.12,72.12,72.12,72.12,72.12,0,72.12
1,32.291,72.124,72.124,72.124,72.124,72.124,72.124,0,72.124
1,32.34,72.125,72.125,72.125,72.125,72.125,72.125,0,72.125
1,32.389,72.124,72.124,72.124,72.124,72.124,72.124,0,72.124
1,32.438,72.121,72.121,72.121,72.121,72.121,72.121,0,72.121
1,32.487,72.115,72.115,72.115,72.115,72.115,72.115,0,72.115
1,32.536,80.033,80.033,80.033,80.033,80.033,80.033,0,80.033
1,32.585,79.309,79.309,79.309,79.309,79.309,79.309,0,79.309
1,32.634,78.669,78.669,78.669,78.669,78.669,78.669,0,78.669
1,32.683,78.1,78.1,78.1,78.1,78.1,78.1,0,78.1
1,32.732,77.594,77.594,77.594,77.594,77.594,77.594,0,77.594
1,32.781,77.126,77.126,77.126,77.126,77.126,77.126,0,77.126
1,32.83,76.729,76.729,76.729,76.729,76.729,76.729,0,76.729
1,32.879,76.371,76.371,76.371,76.371,76.371,76.371,0,76.371
1,32.928,75.814,75.814,75.814,75.814,75.814,75.814,0,75.814
1,32.977,75.554,75.554,75.554,75.554,75.554,75.554,0,75.554
1,33.026,75.319,75.319,75.319,75.319,75.319,75.319,0,75.319
1,33.075,75.106,75.106,75.106,75.106,75.106,75.106,0,75.106
1,33.124,74.912,74.912,74.912,74.912,74.912,74.912,0,74.912
1,33.173,74.745,74.745,74.745,74.745,74.745,74.745,0,74.745
1,33.222,74.577,74.577,74.577,74.577,74.577,74.577,0,74.577
1,33.271,74.423,74.423,74.423,74.423,74.423,74.423,0,74.423
1,33.32,74.285,74.285,74.285,74.285,74.285,74.285,0,74.285
1,33.369,74.153,74.153,74.153,74.153,74.153,74.153,0,74.153
1,33.418,74.032,74.032,74.032,74.032,74.032,74.032,0,74.032
1,33.467,73.92,73.92,73.92,73.92,73.92,73.92,0,73.92
1,33.516,73.817,73.817,73.817,73.817,73.817,73.817,0,73.817
1,33.565,81.161,81.161,81.161,81.161,81.161,81.161,0,81.161
1,33.614,80.4,80.4,80.4,80.4,80.4,80.4,0,80.4
1,33.663,79.724,79.724,79.724,79.724,79.724,79.724,0,79.724
1,33.712,79.135,79.135,79.135,79.135,79.135,79.135,0,79.135
1,33.761,78.592,78.592,78.592,78.592,78.592,78.592,0,78.592
1,33.81,78.107,78.107,78.107,78.107,78.107,78.107,0,78.107
1,33.859,77.671,77.671,77.671,77.671,77.671,77.671,0,77.671
1,33.908,77.279,77.279,77.279,77.279,77.279,77.279,0,77.279
1,33.957,76.715,76.715,76.715,76.715,76.715,76.715,0,76.715
1,34.006,76.429,76.429,76.429,76.429,76.429,76.429,0,76.429
1,34.055,76.169,76.169,76.169,76.169,76.169,76.169,0,76.169
1,34.104,75.946,75.946,75.946,75.946,75.946,75.946,0,75.946
1,34.153,75.729,75.729,75.729,75.729,75.729,75.729,0,75.729
1,34.202,75.53,75.53,75.53,75.53,75.53,75.53,0,75.53
1,34.251,75.346,75.346,75.346,75.346,75.346,75.346,0,75.346
1,34.3,75.176,75.176,75.176,75.176,75.176,75.176,0,75.176
1,34.349,82.086,82.086,82.086,82.086,82.086,82.086,0,82.086
1,34.398,81.301,81.301,81.301,81.301,81.301,81.301,0,81.301
1,34.447,80.602,80.602,80.602,80.602,80.602,80.602,0,80.602
1,34.496,79.99,79.99,79.99,79.99,79.99,79.99,0,79.99
1,34.545,79.424,79.424,79.424,79.424,79.424,79.424,0,79.424
1,34.594,78.916,78.916,78.916,78.916,78.916,78.916,0,78.916
1,34.643,78.459,78.459,78.459,78.459,78.459,78.459,0,78.459
1,34.692,78.047,78.047,78.047,78.047,78.047,78.047,0,78.047
1,34.741,77.465,77.465,77.465,77.465,77.465,77.465,0,77.465
1,34.79,77.156,77.156,77.156,77.156,77.156,77.156,0,77.156
1,34.839,76.876,76.876,76.876,76.876,76.876,76.876,0,76.876
1,34.888,76.62,76.62,76.62,76.62,76.62,76.62,0,76.62
1,34.937,76.386,76.386,76.386,76.386,76.386,76.386,0,76.386
1,34.986,76.171,76.171,76.171,76.171,76.171,76.171,0,76.171
1,35.035,75.974,75.974,75.974,75.974,75.974,75.974,0,75.974
1,35.084,75.792,75.792,75.792,75.792,75.792,75.792,0,75.792
1,35.133,76.133,76.133,76.133,76.133,76.133,76.133,0,76.133
1,35.182,76.017,76.017,76.017,76.017,76.017,76.017,0,76.017
1,35.231,75.9,75.9,75.9,75.9,75.9,75.9,0,75.9
1,35.28,75.783,75.783,75.783,75.783,75.783,75.783,0,75.783
1,35.329,75.667,75.667,75.667,75.667,75.667,75.667,0,75.667
1,35.378,75.558,75.558,75.558,75.558,75.558,75.558,0,75.558
1,35.427,75.445,75.445,75.445,75.445,75.445,75.445,0,75.445
1,35.476,75.335,75.335,75.335,75.335,75.335,75.335,0,75.335
1,35.525,79.797,79.797,79.797,79.797,79.797,79.797,0,79.797
1,35.574,79.279,79.279,79.279,79.279,79.279,79.279,0,79.279
1,35.623,78.816,78.816,78.816,78.816,78.816,78.816,0,78.816
1,35.672,78.401,78.401,78.401,78.401,78.401,78.401,0,78.401
1,35.721,78.027,78.027,78.027,78.027,78.027,78.027,0,78.027
1,35.77,77.665,77.665,77.665,77.665,77.665,77.665,0,77.665
1,35.819,77.351,77.351,77.351,77.351,77.351,77.351,0,77.351
1,35.868,77.068,77.068,77.068,77.068,77.068,77.068,0,77.068
1,35.917,76.808,76.808,76.808,76.808,76.808,76.808,0,76.808
1,35.966,76.579,76.579,76.579,76.579,76.579,76.579,0,76.579
1,36.015,76.369,76.369,76.369,76.369,76.369,76.369,0,76.369
1,36.064,76.177,76.177,76.177,76.177,76.177,76.177,0,76.177
1,36.113,76.001,76.001,76.001,76.001,76.001,76.001,0,76.001
1,36.162,75.69,75.69,75.69,75.69,75.69,75.69,0,75.69
1,36.211,75.576,75.576,75.576,75.576,75.576,75.576,0,75.576
1,36.26,75.467,75.467,75.467,75.467,75.467,75.467,0,75.467
1,36.309,79.667,79.667,79.667,79.667,79.667,79.667,0,79.667
1,36.358,79.176,79.176,79.176,79.176,79.176,79.176,0,79.176
1,36.407,78.737,78.737,78.737,78.737,78.737,78.737,0,78.737
1,36.456,78.344,78.344,78.344,78.344,78.344,78.344,0,78.344
1,36.505,77.991,77.991,77.991,77.991,77.991,77.991,0,77.991
1,36.554,77.65,77.65,77.65,77.65,77.65,77.65,0,77.65
1,36.603,77.352,77.352,77.352,77.352,77.352,77.352,0,77.352
1,36.652,77.085,77.085,77.085,77.085,77.085,77.085,0,77.085
1,36.701,76.703,76.703,76.703,76.703,76.703,76.703,0,76.703
1,36.75,76.519,76.519,76.519,76.519,76.519,76.519,0,76.519
1,36.799,76.349,76.349,76.349,76.349,76.349,76.349,0,76.349
1,36.848,76.192,76.192,76.192,76.192,76.192,76.192,0,76.192
1,36.897,76.046,76.046,76.046,76.046,76.046,76.046,0,76.046
1,36.946,75.911,75.911,75.911,75.911,75.911,75.911,0,75.911
1,36.995,75.784,75.784,75.784,75.784,75.784,75.784,0,75.784
1,37.044,75.666,75.666,75.666,75.666,75.666,75.666,0,75.666
1,37.093,75.532,75.532,75.532,75.532,75.532,75.532,0,75.532
1,37.142,75.42,75.42,75.42,75.42,75.42,75.42,0,75.42
1,37.191,75.318,75.318,75.318,75.318,75.318,75.318,0,75.318
1,37.24,75.225,75.225,75.225,75.225,75.225,75.225,0,75.225
1,37.289,75.138,75.138,75.138,75.138,75.138,75.138,0,75.138
1,37.338,79.013,79.013,79.013,79.013,79.013,79.013,0,79.013
1,37.387,78.576,78.576,78.576,78.576,78.576,78.576,0,78.576
1,37.436,78.188,78.188,78.188,78.188,78.188,78.188,0,78.188
1,37.485,77.71,77.71,77.71,77.71,77.71,77.71,0,77.71
1,37.534,77.432,77.432,77.432,77.432,77.432,77.432,0,77.432
1,37.583,77.181,77.181,77.181,77.181,77.181,77.181,0,77.181
1,37.632,76.954,76.954,76.954,76.954,76.954,76.954,0,76.954
1,37.681,76.746,76.746,76.746,76.746,76.746,76.746,0,76.746
1,37.73,76.552,76.552,76.552,76.552,76.552,76.552,0,76.552
1,37.779,76.38,76.38,76.38,76.38,76.38,76.38,0,76.38
1,37.828,76.221,76.221,76.221,76.221,76.221,76.221,0,76.221
1,37.877,76.063,76.063,76.063,76.063,76.063,76.063,0,76.063
1,37.926,75.932,75.932,75.932,75.932,75.932,75.932,0,75.932
1,37.975,75.81,75.81,75.81,75.81,75.81,75.81,0,75.81
1,38.024,75.696,75.696,75.696,75.696,75.696,75.696,0,75.696
1,38.073,75.589,75.589,75.589,75.589,75.589,75.589,0,75.589
1,38.122,74.994,74.994,74.994,74.994,74.994,74.994,0,74.994
1,38.171,75.035,75.035,75.035,75.035,75.035,75.035,0,75.035
1,38.22,75.059,75.059,75.059,75.059,75.059,75.059,0,75.059
1,38.269,75.07,75.07,75.07,75.07,75.07,75.07,0,75.07
1,38.318,75.068,75.068,75.068,75.068,75.068,75.068,0,75.068
1,38.367,75.057,75.057,75.057,75.057,75.057,75.057,0,75.057
1,38.416,75.039,75.039,75.039,75.039,75.039,75.039,0,75.039
1,38.465,75.015,75.015,75.015,75.015,75.015,75.015,0,75.015
1,38.514,74.984,74.984,74.984,74.984,74.984,74.984,0,74.984
1,38.563,74.956,74.956,74.956,74.956,74.956,74.956,0,74.956
1,38.612,74.924,74.924,74.924,74.924,74.924,74.924,0,74.924
1,38.661,74.89,74.89,74.89,74.89,74.89,74.89,0,74.89
1,38.71,74.854,74.854,74.854,74.854,74.854,74.854,0,74.854
1,38.759,74.838,74.838,74.838,74.838,74.838,74.838,0,74.838
1,38.808,74.79,74.79,74.79,74.79,74.79,74.79,0,74.79
1,38.857,74.743,74.743,74.743,74.743,74.743,74.743,0,74.743
1,38.906,74.701,74.701,74.701,74.701,74.701,74.701,0,74.701
1,38.955,74.656,74.656,74.656,74.656,74.656,74.656,0,74.656
1,39.004,74.611,74.611,74.611,74.611,74.611,74.611,0,74.611
1,39.053,74.568,74.568,74.568,74.568,74.568,74.568,0,74.568
1,39.102,74.526,74.526,74.526,74.526,74.526,74.526,0,74.526
1,39.151,74.482,74.482,74.482,74.482,74.482,74.482,0,74.482
1,39.2,74.442,74.442,74.442,74.442,74.442,74.442,0,74.442
1,39.249,74.403,74.403,74.403,74.403,74.403,74.403,0,74.403
1,39.298,74.387,74.387,74.387,74.387,74.387,74.387,0,74.387
1,39.347,74.341,74.341,74.341,74.341,74.341,74.341,0,74.341
1,39.396,74.297,74.297,74.297,74.297,74.297,74.297,0,74.297
1,39.445,74.255,74.255,74.255,74.255,74.255,74.255,0,74.255
1,39.494,74.214,74.214,74.214,74.214,74.214,74.214,0,74.214
1,39.543,74.206,74.206,74.206,74.206,74.206,74.206,0,74.206
1,39.592,74.159,74.159,74.159,74.159,74.159,74.159,0,74.159
1,39.641,74.114,74.114,74.114,74.114,74.114,74.114,0,74.114
1,39.69,74.075,74.075,74.075,74.075,74.075,74.075,0,74.075
1,39.739,74.036,74.036,74.036,74.036,74.036,74.036,0,74.036
1,39.788,73.999,73.999,73.999,73.999,73.999,73.999,0,73.999
1,39.837,73.964,73.964,73.964,73.964,73.964,73.964,0,73.964
1,39.886,73.931,73.931,73.931,73.931,73.931,73.931,0,73.931
1,39.935,73.904,73.904,73.904,73.904,73.904,73.904,0,73.904
1,39.984,73.872,73.872,73.872,73.872,73.872,73.872,0,73.872
1,40.033,73.842,73.842,73.842,73.842,73.842,73.842,0,73.842
1,40.082,73.83,73.83,73.83,73.83,73.83,73.83,0,73.83
1,40.131,73.796,73.796,73.796,73.796,73.796,73.796,0,73.796
1,40.18,73.765,73.765,73.765,73.765,73.765,73.765,0,73.765
1,40.229,73.737,73.737,73.737,73.737,73.737,73.737,0,73.737
1,40.278,73.71,73.71,73.71,73.71,73.71,73.71,0,73.71
1,40.327,73.685,73.685,73.685,73.685,73.685,73.685,0,73.685
1,40.376,73.661,73.661,73.661,73.661,73.661,73.661,0,73.661
1,40.425,73.638,73.638,73.638,73.638,73.638,73.638,0,73.638
1,40.474,73.621,73.621,73.621,73.621,73.621,73.621,0,73.621
1,40.523,73.598,73.598,73.598,73.598,73.598,73.598,0,73.598
1,40.572,73.576,73.576,73.576,73.576,73.576,73.576,0,73.576
1,40.621,73.556,73.556,73.556,73.556,73.556,73.556,0,73.556
1,40.67,73.537,73.537,73.537,73.537,73.537,73.537,0,73.537
1,40.719,73.519,73.519,73.519,73.519,73.519,73.519,0,73.519
1,40.768,73.501,73.501,73.501,73.501,73.501,73.501,0,73.501
1,40.817,73.484,73.484,73.484,73.484,73.484,73.484,0,73.484
1,40.866,73.467,73.467,73.467,73.467,73.467,73.467,0,73.467
1,40.915,73.451,73.451,73.451,73.451,73.451,73.451,0,73.451
1,40.964,73.434,73.434,73.434,73.434,73.434,73.434,0,73.434
1,41.013,73.418,73.418,73.418,73.418,73.418,73.418,0,73.418
1,41.062,73.403,73.403,73.403,73.403,73.403,73.403,0,73.403
1,41.111,73.386,73.386,73.386,73.386,73.386,73.386,0,73.386
1,41.16,73.371,73.371,73.371,73.371,73.371,73.371,0,73.371
1,41.209,73.356,73.356,73.356,73.356,73.356,73.356,0,73.356
1,41.258,73.326,73.326,73.326,73.326,73.326,73.326,0,73.326
1,41.307,73.307,73.307,73.307,73.307,73.307,73.307,0,73.307
1,41.356,73.289,73.289,73.289,73.289,73.289,73.289,0,73.289
1,41.405,73.273,73.273,73.273,73.273,73.273,73.273,0,73.273
1,41.454,73.259,73.259,73.259,73.259,73.259,73.259,0,73.259
1,41.503,75.789,75.789,75.789,75.789,75.789,75.789,0,75.789
1,41.552,75.546,75.546,75.546,75.546,75.546,75.546,0,75.546
1,41.601,75.331,75.331,75.331,75.331,75.331,75.331,0,75.331
1,41.65,75.139,75.139,75.139,75.139,75.139,75.139,0,75.139
1,41.699,74.97,74.97,74.97,74.97,74.97,74.97,0,74.97
1,41.748,74.819,74.819,74.819,74.819,74.819,74.819,0,74.819
1,41.797,74.685,74.685,74.685,74.685,74.685,74.685,0,74.685
1,41.846,74.564,74.564,74.564,74.564,74.564,74.564,0,74.564
1,41.895,74.453,74.453,74.453,74.453,74.453,74.453,0,74.453
1,41.944,74.356,74.356,74.356,74.356,74.356,74.356,0,74.356
1,41.993,74.267,74.267,74.267,74.267,74.267,74.267,0,74.267
1,42.042,74.187,74.187,74.187,74.187,74.187,74.187,0,74.187
1,42.091,74.113,74.113,74.113,74.113,74.113,74.113,0,74.113
1,42.14,74.043,74.043,74.043,74.043,74.043,74.043,0,74.043
1,42.189,73.981,73.981,73.981,73.981,73.981,73.981,0,73.981
1,42.238,73.924,73.924,73.924,73.924,73.924,73.924,0,73.924
1,42.287,77.121,77.121,77.121,77.121,77.121,77.121,0,77.121
1,42.336,76.778,76.778,76.778,76.778,76.778,76.778,0,76.778
1,42.385,76.473,76.473,76.473,76.473,76.473,76.473,0,76.473
1,42.434,76.2,76.2,76.2,76.2,76.2,76.2,0,76.2
1,42.483,75.956,75.956,75.956,75.956,75.956,75.956,0,75.956
1,42.532,75.737,75.737,75.737,75.737,75.737,75.737,0,75.737
1,42.581,75.539,75.539,75.539,75.539,75.539,75.539,0,75.539
1,42.63,75.361,75.361,75.361,75.361,75.361,75.361,0,75.361
1,42.679,75.11,75.11,75.11,75.11,75.11,75.11,0,75.11
1,42.728,74.978,74.978,74.978,74.978,74.978,74.978,0,74.978
1,42.777,74.857,74.857,74.857,74.857,74.857,74.857,0,74.857
1,42.826,74.747,74.747,74.747,74.747,74.747,74.747,0,74.747
1,42.875,74.647,74.647,74.647,74.647,74.647,74.647,0,74.647
1,42.924,74.557,74.557,74.557,74.557,74.557,74.557,0,74.557
1,42.973,74.472,74.472,74.472,74.472,74.472,74.472,0,74.472
1,43.022,74.392,74.392,74.392,74.392,74.392,74.392,0,74.392
1,43.071,77.193,77.193,77.193,77.193,77.193,77.193,0,77.193
1,43.12,76.865,76.865,76.865,76.865,76.865,76.865,0,76.865
1,43.169,76.572,76.572,76.572,76.572,76.572,76.572,0,76.572
1,43.218,76.31,76.31,76.31,76.31,76.31,76.31,0,76.31
1,43.267,76.075,76.075,76.075,76.075,76.075,76.075,0,76.075
1,43.316,75.864,75.864,75.864,75.864,75.864,75.864,0,75.864
1,43.365,75.672,75.672,75.672,75.672,75.672,75.672,0,75.672
1,43.414,75.498,75.498,75.498,75.498,75.498,75.498,0,75.498
1,43.463,75.262,75.262,75.262,75.262,75.262,75.262,0,75.262
1,43.512,75.128,75.128,75.128,75.128,75.128,75.128,0,75.128
1,43.561,75.006,75.006,75.006,75.006,75.006,75.006,0,75.006
1,43.61,74.895,74.895,74.895,74.895,74.895,74.895,0,74.895
1,43.659,74.792,74.792,74.792,74.792,74.792,74.792,0,74.792
1,43.708,74.705,74.705,74.705,74.705,74.705,74.705,0,74.705
1,43.757,74.617,74.617,74.617,74.617,74.617,74.617,0,74.617
1,43.806,74.536,74.536,74.536,74.536,74.536,74.536,0,74.536
1,43.855,74.46,74.46,74.46,74.46,74.46,74.46,0,74.46
1,43.904,74.39,74.39,74.39,74.39,74.39,74.39,0,74.39
1,43.953,74.324,74.324,74.324,74.324,74.324,74.324,0,74.324
1,44.002,74.263,74.263,74.263,74.263,74.263,74.263,0,74.263
1,44.051,74.206,74.206,74.206,74.206,74.206,74.206,0,74.206
1,44.1,76.532,76.532,76.532,76.532,76.532,76.532,0,76.532
1,44.149,76.267,76.267,76.267,76.267,76.267,76.267,0,76.267
1,44.198,76.029,76.029,76.029,76.029,76.029,76.029,0,76.029
1,44.247,75.827,75.827,75.827,75.827,75.827,75.827,0,75.827
1,44.296,75.63,75.63,75.63,75.63,75.63,75.63,0,75.63
1,44.345,75.453,75.453,75.453,75.453,75.453,75.453,0,75.453
1,44.394,75.294,75.294,75.294,75.294,75.294,75.294,0,75.294
1,44.443,75.15,75.15,75.15,75.15,75.15,75.15,0,75.15
1,44.492,74.955,74.955,74.955,74.955,74.955,74.955,0,74.955
1,44.541,74.846,74.846,74.846,74.846,74.846,74.846,0,74.846
1,44.59,74.746,74.746,74.746,74.746,74.746,74.746,0,74.746
1,44.639,74.658,74.658,74.658,74.658,74.658,74.658,0,74.658
1,44.688,74.573,74.573,74.573,74.573,74.573,74.573,0,74.573
1,44.737,74.495,74.495,74.495,74.495,74.495,74.495,0,74.495
1,44.786,74.422,74.422,74.422,74.422,74.422,74.422,0,74.422
1,44.835,74.354,74.354,74.354,74.354,74.354,74.354,0,74.354
1,44.884,76.295,76.295,76.295,76.295,76.295,76.295,0,76.295
1,44.933,76.054,76.054,76.054,76.054,76.054,76.054,0,76.054
1,44.982,75.838,75.838,75.838,75.838,75.838,75.838,0,75.838
1,45.031,75.646,75.646,75.646,75.646,75.646,75.646,0,75.646
1,45.08,75.47,75.47,75.47,75.47,75.47,75.47,0,75.47
1,45.129,75.312,75.312,75.312,75.312,75.312,75.312,0,75.312
1,45.178,75.168,75.168,75.168,75.168,75.168,75.168,0,75.168
1,45.227,75.037,75.037,75.037,75.037,75.037,75.037,0,75.037
1,45.276,74.863,74.863,74.863,74.863,74.863,74.863,0,74.863
1,45.325,74.761,74.761,74.761,74.761,74.761,74.761,0,74.761
1,45.374,74.668,74.668,74.668,74.668,74.668,74.668,0,74.668
1,45.423,74.582,74.582,74.582,74.582,74.582,74.582,0,74.582
1,45.472,74.503,74.503,74.503,74.503,74.503,74.503,0,74.503
1,45.521,74.429,74.429,74.429,74.429,74.429,74.429,0,74.429
1,45.57,74.361,74.361,74.361,74.361,74.361,74.361,0,74.361
1,45.619,74.298,74.298,74.298,74.298,74.298,74.298,0,74.298
1,45.668,74.239,74.239,74.239,74.239,74.239,74.239,0,74.239
1,45.717,74.184,74.184,74.184,74.184,74.184,74.184,0,74.184
1,45.766,74.131,74.131,74.131,74.131,74.131,74.131,0,74.131
1,45.815,74.082,74.082,74.082,74.082,74.082,74.082,0,74.082
1,45.864,74.035,74.035,74.035,74.035,74.035,74.035,0,74.035
1,45.913,73.992,73.992,73.992,73.992,73.992,73.992,0,73.992
1,45.962,73.95,73.95,73.95,73.95,73.95,73.95,0,73.95
1,46.011,73.91,73.91,73.91,73.91,73.91,73.91,0,73.91
1,46.06,74.884,74.884,74.884,74.884,74.884,74.884,0,74.884
1,46.109,74.756,74.756,74.756,74.756,74.756,74.756,0,74.756
1,46.158,74.64,74.64,74.64,74.64,74.64,74.64,0,74.64
1,46.207,74.536,74.536,74.536,74.536,74.536,74.536,0,74.536
1,46.256,74.441,74.441,74.441,74.441,74.441,74.441,0,74.441
1,46.305,74.35,74.35,74.35,74.35,74.35,74.35,0,74.35
1,46.354,74.27,74.27,74.27,74.27,74.27,74.27,0,74.27
1,46.403,74.197,74.197,74.197,74.197,74.197,74.197,0,74.197
1,46.452,74.13,74.13,74.13,74.13,74.13,74.13,0,74.13
1,46.501,74.069,74.069,74.069,74.069,74.069,74.069,0,74.069
1,46.55,74.013,74.013,74.013,74.013,74.013,74.013,0,74.013
1,46.599,73.961,73.961,73.961,73.961,73.961,73.961,0,73.961
1,46.648,73.913,73.913,73.913,73.913,73.913,73.913,0,73.913
1,46.697,73.838,73.838,73.838,73.838,73.838,73.838,0,73.838
1,46.746,73.803,73.803,73.803,73.803,73.803,73.803,0,73.803
1,46.795,73.77,73.77,73.77,73.77,73.77,73.77,0,73.77
1,46.844,73.738,73.738,73.738,73.738,73.738,73.738,0,73.738
1,46.893,73.707,73.707,73.707,73.707,73.707,73.707,0,73.707
1,46.942,73.677,73.677,73.677,73.677,73.677,73.677,0,73.677
1,46.991,73.649,73.649,73.649,73.649,73.649,73.649,0,73.649
1,47.04,73.621,73.621,73.621,73.621,73.621,73.621,0,73.621
1,47.089,73.594,73.594,73.594,73.594,73.594,73.594,0,73.594
1,47.138,73.568,73.568,73.568,73.568,73.568,73.568,0,73.568
1,47.187,73.543,73.543,73.543,73.543,73.543,73.543,0,73.543
1,47.236,73.497,73.497,73.497,73.497,73.497,73.497,0,73.497
1,47.285,73.479,73.479,73.479,73.479,73.479,73.479,0,73.479
1,47.334,73.461,73.461,73.461,73.461,73.461,73.461,0,73.461
1,47.383,73.443,73.443,73.443,73.443,73.443,73.443,0,73.443
1,47.432,73.425,73.425,73.425,73.425,73.425,73.425,0,73.425
1,47.481,73.407,73.407,73.407,73.407,73.407,73.407,0,73.407
1,47.53,73.389,73.389,73.389,73.389,73.389,73.389,0,73.389
1,47.579,73.371,73.371,73.371,73.371,73.371,73.371,0,73.371
1,47.628,73.352,73.352,73.352,73.352,73.352,73.352,0,73.352
1,47.677,73.333,73.333,73.333,73.333,73.333,73.333,0,73.333
1,47.726,73.316,73.316,73.316,73.316,73.316,73.316,0,73.316
1,47.775,73.299,73.299,73.299,73.299,73.299,73.299,0,73.299
1,47.824,73.282,73.282,73.282,73.282,73.282,73.282,0,73.282
1,47.873,73.212,73.212,73.212,73.212,73.212,73.212,0,73.212
1,47.922,73.211,73.211,73.211,73.211,73.211,73.211,0,73.211
1,47.971,73.209,73.209,73.209,73.209,73.209,73.209,0,73.209
1,48.02,73.204,73.204,73.204,73.204,73.204,73.204,0,73.204
1,48.069,73.198,73.198,73.198,73.198,73.198,73.198,0,73.198
1,48.118,73.191,73.191,73.191,73.191,73.191,73.191,0,73.191
1,48.167,73.183,73.183,73.183,73.183,73.183,73.183,0,73.183
1,48.216,73.174,73.174,73.174,73.174,73.174,73.174,0,73.174
1,48.265,73.164,73.164,73.164,73.164,73.164,73.164,0,73.164
1,48.314,73.155,73.155,73.155,73.155,73.155,73.155,0,73.155
1,48.363,73.144,73.144,73.144,73.144,73.144,73.144,0,73.144
1,48.412,73.133,73.133,73.133,73.133,73.133,73.133,0,73.133
1,48.461,73.123,73.123,73.123,73.123,73.123,73.123,0,73.123
1,48.51,73.112,73.112,73.112,73.112,73.112,73.112,0,73.112
1,48.559,73.1,73.1,73.1,73.1,73.1,73.1,0,73.1
1,48.608,73.089,73.089,73.089,73.089,73.089,73.089,0,73.089
1,48.657,73.078,73.078,73.078,73.078,73.078,73.078,0,73.078
1,48.706,73.066,73.066,73.066,73.066,73.066,73.066,0,73.066
1,48.755,73.055,73.055,73.055,73.055,73.055,73.055,0,73.055
1,48.804,73.043,73.043,73.043,73.043,73.043,73.043,0,73.043
1,48.853,73.032,73.032,73.032,73.032,73.032,73.032,0,73.032
1,48.902,73.02,73.02,73.02,73.02,73.02,73.02,0,73.02
1,48.951,73.009,73.009,73.009,73.009,73.009,73.009,0,73.009
1,49,72.997,72.997,72.997,72.997,72.997,72.997,0,72.997
